[序号],[运行周期],[通道速度(0.01Km/h)],[组1速度有效标识],[组2速度有效标识],[传感器1方向标识],[传感器1相位差],[传感器2方向标识},[传感器2相位差]
0,16542,10,0xFF,0xFF,0x00,20,0x00,20
1,16543,25,0xFF,0xFF,0x00,20,0x00,20
2,16544,40,0xFF,0xFF,0x00,20,0x00,20
3,16545,55,0xFF,0xFF,0x00,20,0x00,20
4,16546,70,0xFF,0xFF,0x00,20,0x00,20
5,16547,85,0xFF,0xFF,0x00,20,0x00,20
6,16548,100,0xFF,0xFF,0x00,20,0x00,20
7,16549,115,0xFF,0xFF,0x00,20,0x00,20
8,16550,130,0xFF,0xFF,0x00,20,0x00,20
9,16551,145,0xFF,0xFF,0x00,20,0x00,20
10,16552,160,0xFF,0xFF,0x00,20,0x00,20
11,16553,175,0xFF,0xFF,0x00,20,0x00,20
12,16554,190,0xFF,0xFF,0x00,20,0x00,20
13,16555,205,0xFF,0xFF,0x00,20,0x00,20
14,16556,220,0xFF,0xFF,0x00,20,0x00,20
15,16557,235,0xFF,0xFF,0x00,20,0x00,20
16,16558,250,0xFF,0xFF,0x00,20,0x00,20
17,16559,265,0xFF,0xFF,0x00,20,0x00,20
18,16560,280,0xFF,0xFF,0x00,20,0x00,20
19,16561,295,0xFF,0xFF,0x00,20,0x00,20
20,16562,310,0xFF,0xFF,0x00,20,0x00,20
21,16563,325,0xFF,0xFF,0x00,20,0x00,20
22,16564,340,0xFF,0xFF,0x00,20,0x00,20
23,16565,355,0xFF,0xFF,0x00,20,0x00,20
24,16566,370,0xFF,0xFF,0x00,20,0x00,20
25,16567,385,0xFF,0xFF,0x00,20,0x00,20
26,16568,400,0xFF,0xFF,0x00,20,0x00,20
27,16569,415,0xFF,0xFF,0x00,20,0x00,20
28,16570,430,0xFF,0xFF,0x00,20,0x00,20
29,16571,445,0xFF,0xFF,0x00,20,0x00,20
30,16572,460,0xFF,0xFF,0x00,20,0x00,20
31,16573,475,0xFF,0xFF,0x00,20,0x00,20
32,16574,490,0xFF,0xFF,0x00,20,0x00,20
33,16575,505,0xFF,0xFF,0x00,20,0x00,20
34,16576,520,0xFF,0xFF,0x00,20,0x00,20
35,16577,535,0xFF,0xFF,0x00,20,0x00,20
36,16578,550,0xFF,0xFF,0x00,20,0x00,20
37,16579,565,0xFF,0xFF,0x00,20,0x00,20
38,16580,580,0xFF,0xFF,0x00,20,0x00,20
39,16581,595,0xFF,0xFF,0x00,20,0x00,20
40,16582,610,0xFF,0xFF,0x00,20,0x00,20
41,16583,625,0xFF,0xFF,0x00,20,0x00,20
42,16584,640,0xFF,0xFF,0x00,20,0x00,20
43,16585,655,0xFF,0xFF,0x00,20,0x00,20
44,16586,670,0xFF,0xFF,0x00,20,0x00,20
45,16587,685,0xFF,0xFF,0x00,20,0x00,20
46,16588,700,0xFF,0xFF,0x00,20,0x00,20
47,16589,715,0xFF,0xFF,0x00,20,0x00,20
48,16590,730,0xFF,0xFF,0x00,20,0x00,20
49,16591,745,0xFF,0xFF,0x00,20,0x00,20
50,16592,760,0xFF,0xFF,0x00,20,0x00,20
51,16593,775,0xFF,0xFF,0x00,20,0x00,20
52,16594,790,0xFF,0xFF,0x00,20,0x00,20
53,16595,805,0xFF,0xFF,0x00,20,0x00,20
54,16596,820,0xFF,0xFF,0x00,20,0x00,20
55,16597,835,0xFF,0xFF,0x00,20,0x00,20
56,16598,850,0xFF,0xFF,0x00,20,0x00,20
57,16599,865,0xFF,0xFF,0x00,20,0x00,20
58,16600,880,0xFF,0xFF,0x00,20,0x00,20
59,16601,895,0xFF,0xFF,0x00,20,0x00,20
60,16602,910,0xFF,0xFF,0x00,20,0x00,20
61,16603,925,0xFF,0xFF,0x00,20,0x00,20
62,16604,940,0xFF,0xFF,0x00,20,0x00,20
63,16605,955,0xFF,0xFF,0x00,20,0x00,20
64,16606,970,0xFF,0xFF,0x00,20,0x00,20
65,16607,985,0xFF,0xFF,0x00,20,0x00,20
66,16608,1000,0xFF,0xFF,0x00,20,0x00,20
67,16609,1015,0xFF,0xFF,0x00,20,0x00,20
68,16610,1030,0xFF,0xFF,0x00,20,0x00,20
69,16611,1045,0xFF,0xFF,0x00,20,0x00,20
70,16612,1060,0xFF,0xFF,0x00,20,0x00,20
71,16613,1075,0xFF,0xFF,0x00,20,0x00,20
72,16614,1090,0xFF,0xFF,0x00,20,0x00,20
73,16615,1105,0xFF,0xFF,0x00,20,0x00,20
74,16616,1120,0xFF,0xFF,0x00,20,0x00,20
75,16617,1135,0xFF,0xFF,0x00,20,0x00,20
76,16618,1150,0xFF,0xFF,0x00,20,0x00,20
77,16619,1165,0xFF,0xFF,0x00,20,0x00,20
78,16620,1180,0xFF,0xFF,0x00,20,0x00,20
79,16621,1195,0xFF,0xFF,0x00,20,0x00,20
80,16622,1210,0xFF,0xFF,0x00,20,0x00,20
81,16623,1225,0xFF,0xFF,0x00,20,0x00,20
82,16624,1240,0xFF,0xFF,0x00,20,0x00,20
83,16625,1255,0xFF,0xFF,0x00,20,0x00,20
84,16626,1270,0xFF,0xFF,0x00,20,0x00,20
85,16627,1285,0xFF,0xFF,0x00,20,0x00,20
86,16628,1300,0xFF,0xFF,0x00,20,0x00,20
87,16629,1300,0xFF,0xFF,0x00,20,0x00,20
88,16630,1300,0xFF,0xFF,0x00,20,0x00,20
89,16631,1300,0xFF,0xFF,0x00,20,0x00,20
90,16632,1300,0xFF,0xFF,0x00,20,0x00,20
91,16633,1300,0xFF,0xFF,0x00,20,0x00,20
92,16634,1300,0xFF,0xFF,0x00,20,0x00,20
93,16635,1300,0xFF,0xFF,0x00,20,0x00,20
94,16636,1300,0xFF,0xFF,0x00,20,0x00,20
95,16637,1300,0xFF,0xFF,0x00,20,0x00,20
96,16638,1300,0xFF,0xFF,0x00,20,0x00,20
97,16639,1300,0xFF,0xFF,0x00,20,0x00,20
98,16640,1300,0xFF,0xFF,0x00,20,0x00,20
99,16641,1300,0xFF,0xFF,0x00,20,0x00,20
100,16542,1299,0xFF,0xFF,0x00,20,0x00,20
101,16543,1298,0xFF,0xFF,0x00,20,0x00,20
102,16544,1297,0xFF,0xFF,0x00,20,0x00,20
103,16545,1298,0xFF,0xFF,0x00,20,0x00,20
104,16546,1301,0xFF,0xFF,0x00,20,0x00,20
105,16547,1308,0xFF,0xFF,0x00,20,0x00,20
106,16548,1317,0xFF,0xFF,0x00,20,0x00,20
107,16549,1325,0xFF,0xFF,0x00,20,0x00,20
108,16550,1332,0xFF,0xFF,0x00,20,0x00,20
109,16551,1338,0xFF,0xFF,0x00,20,0x00,20
110,16552,1344,0xFF,0xFF,0x00,20,0x00,20
111,16553,1350,0xFF,0xFF,0x00,20,0x00,20
112,16554,1357,0xFF,0xFF,0x00,20,0x00,20
113,16555,1364,0xFF,0xFF,0x00,20,0x00,20
114,16556,1372,0xFF,0xFF,0x00,20,0x00,20
115,16557,1379,0xFF,0xFF,0x00,20,0x00,20
116,16558,1386,0xFF,0xFF,0x00,20,0x00,20
117,16559,1392,0xFF,0xFF,0x00,20,0x00,20
118,16560,1398,0xFF,0xFF,0x00,20,0x00,20
119,16561,1405,0xFF,0xFF,0x00,20,0x00,20
120,16562,1412,0xFF,0xFF,0x00,20,0x00,20
121,16563,1419,0xFF,0xFF,0x00,20,0x00,20
122,16564,1427,0xFF,0xFF,0x00,20,0x00,20
123,16565,1433,0xFF,0xFF,0x00,20,0x00,20
124,16566,1437,0xFF,0xFF,0x00,20,0x00,20
125,16567,1442,0xFF,0xFF,0x00,20,0x00,20
126,16568,1447,0xFF,0xFF,0x00,20,0x00,20
127,16569,1452,0xFF,0xFF,0x00,20,0x00,20
128,16570,1457,0xFF,0xFF,0x00,20,0x00,20
129,16571,1463,0xFF,0xFF,0x00,20,0x00,20
130,16572,1467,0xFF,0xFF,0x00,20,0x00,20
131,16573,1471,0xFF,0xFF,0x00,20,0x00,20
132,16574,1474,0xFF,0xFF,0x00,20,0x00,20
133,16575,1479,0xFF,0xFF,0x00,20,0x00,20
134,16576,1484,0xFF,0xFF,0x00,20,0x00,20
135,16577,1488,0xFF,0xFF,0x00,20,0x00,20
136,16578,1492,0xFF,0xFF,0x00,20,0x00,20
137,16579,1496,0xFF,0xFF,0x00,20,0x00,20
138,16580,1501,0xFF,0xFF,0x00,20,0x00,20
139,16581,1504,0xFF,0xFF,0x00,20,0x00,20
140,16582,1508,0xFF,0xFF,0x00,20,0x00,20
141,16583,1513,0xFF,0xFF,0x00,20,0x00,20
142,16584,1517,0xFF,0xFF,0x00,20,0x00,20
143,16585,1521,0xFF,0xFF,0x00,20,0x00,20
144,16586,1525,0xFF,0xFF,0x00,20,0x00,20
145,16587,1529,0xFF,0xFF,0x00,20,0x00,20
146,16588,1533,0xFF,0xFF,0x00,20,0x00,20
147,16589,1537,0xFF,0xFF,0x00,20,0x00,20
148,16590,1541,0xFF,0xFF,0x00,20,0x00,20
149,16591,1547,0xFF,0xFF,0x00,20,0x00,20
150,16592,1551,0xFF,0xFF,0x00,20,0x00,20
151,16593,1556,0xFF,0xFF,0x00,20,0x00,20
152,16594,1560,0xFF,0xFF,0x00,20,0x00,20
153,16595,1564,0xFF,0xFF,0x00,20,0x00,20
154,16596,1568,0xFF,0xFF,0x00,20,0x00,20
155,16597,1573,0xFF,0xFF,0x00,20,0x00,20
156,16598,1578,0xFF,0xFF,0x00,20,0x00,20
157,16599,1583,0xFF,0xFF,0x00,20,0x00,20
158,16600,1587,0xFF,0xFF,0x00,20,0x00,20
159,16601,1591,0xFF,0xFF,0x00,20,0x00,20
160,16602,1595,0xFF,0xFF,0x00,20,0x00,20
161,16603,1599,0xFF,0xFF,0x00,20,0x00,20
162,16604,1604,0xFF,0xFF,0x00,20,0x00,20
163,16605,1609,0xFF,0xFF,0x00,20,0x00,20
164,16606,1613,0xFF,0xFF,0x00,20,0x00,20
165,16607,1617,0xFF,0xFF,0x00,20,0x00,20
166,16608,1622,0xFF,0xFF,0x00,20,0x00,20
167,16609,1626,0xFF,0xFF,0x00,20,0x00,20
168,16610,1631,0xFF,0xFF,0x00,20,0x00,20
169,16611,1635,0xFF,0xFF,0x00,20,0x00,20
170,16612,1639,0xFF,0xFF,0x00,20,0x00,20
171,16613,1644,0xFF,0xFF,0x00,20,0x00,20
172,16614,1648,0xFF,0xFF,0x00,20,0x00,20
173,16615,1653,0xFF,0xFF,0x00,20,0x00,20
174,16616,1656,0xFF,0xFF,0x00,20,0x00,20
175,16617,1661,0xFF,0xFF,0x00,20,0x00,20
176,16618,1665,0xFF,0xFF,0x00,20,0x00,20
177,16619,1668,0xFF,0xFF,0x00,20,0x00,20
178,16620,1673,0xFF,0xFF,0x00,20,0x00,20
179,16621,1677,0xFF,0xFF,0x00,20,0x00,20
180,16622,1682,0xFF,0xFF,0x00,20,0x00,20
181,16623,1685,0xFF,0xFF,0x00,20,0x00,20
182,16624,1689,0xFF,0xFF,0x00,20,0x00,20
183,16625,1693,0xFF,0xFF,0x00,20,0x00,20
184,16626,1698,0xFF,0xFF,0x00,20,0x00,20
185,16627,1702,0xFF,0xFF,0x00,20,0x00,20
186,16628,1707,0xFF,0xFF,0x00,20,0x00,20
187,16629,1712,0xFF,0xFF,0x00,20,0x00,20
188,16630,1716,0xFF,0xFF,0x00,20,0x00,20
189,16631,1720,0xFF,0xFF,0x00,20,0x00,20
190,16632,1723,0xFF,0xFF,0x00,20,0x00,20
191,16633,1727,0xFF,0xFF,0x00,20,0x00,20
192,16634,1733,0xFF,0xFF,0x00,20,0x00,20
193,16635,1736,0xFF,0xFF,0x00,20,0x00,20
194,16636,1739,0xFF,0xFF,0x00,20,0x00,20
195,16637,1743,0xFF,0xFF,0x00,20,0x00,20
196,16638,1748,0xFF,0xFF,0x00,20,0x00,20
197,16639,1751,0xFF,0xFF,0x00,20,0x00,20
198,16640,1756,0xFF,0xFF,0x00,20,0x00,20
199,16641,1760,0xFF,0xFF,0x00,20,0x00,20
200,16642,1764,0xFF,0xFF,0x00,20,0x00,20
201,16643,1768,0xFF,0xFF,0x00,20,0x00,20
202,16644,1771,0xFF,0xFF,0x00,20,0x00,20
203,16645,1775,0xFF,0xFF,0x00,20,0x00,20
204,16646,1779,0xFF,0xFF,0x00,20,0x00,20
205,16647,1782,0xFF,0xFF,0x00,20,0x00,20
206,16648,1787,0xFF,0xFF,0x00,20,0x00,20
207,16649,1790,0xFF,0xFF,0x00,20,0x00,20
208,16650,1793,0xFF,0xFF,0x00,20,0x00,20
209,16651,1797,0xFF,0xFF,0x00,20,0x00,20
210,16652,1801,0xFF,0xFF,0x00,20,0x00,20
211,16653,1804,0xFF,0xFF,0x00,20,0x00,20
212,16654,1808,0xFF,0xFF,0x00,20,0x00,20
213,16655,1812,0xFF,0xFF,0x00,20,0x00,20
214,16656,1816,0xFF,0xFF,0x00,20,0x00,20
215,16657,1819,0xFF,0xFF,0x00,20,0x00,20
216,16658,1823,0xFF,0xFF,0x00,20,0x00,20
217,16659,1827,0xFF,0xFF,0x00,20,0x00,20
218,16660,1830,0xFF,0xFF,0x00,20,0x00,20
219,16661,1834,0xFF,0xFF,0x00,20,0x00,20
220,16662,1838,0xFF,0xFF,0x00,20,0x00,20
221,16663,1842,0xFF,0xFF,0x00,20,0x00,20
222,16664,1846,0xFF,0xFF,0x00,20,0x00,20
223,16665,1849,0xFF,0xFF,0x00,20,0x00,20
224,16666,1852,0xFF,0xFF,0x00,20,0x00,20
225,16667,1856,0xFF,0xFF,0x00,20,0x00,20
226,16668,1858,0xFF,0xFF,0x00,20,0x00,20
227,16669,1862,0xFF,0xFF,0x00,20,0x00,20
228,16670,1866,0xFF,0xFF,0x00,20,0x00,20
229,16671,1868,0xFF,0xFF,0x00,20,0x00,20
230,16672,1872,0xFF,0xFF,0x00,20,0x00,20
231,16673,1876,0xFF,0xFF,0x00,20,0x00,20
232,16674,1879,0xFF,0xFF,0x00,20,0x00,20
233,16675,1883,0xFF,0xFF,0x00,20,0x00,20
234,16676,1884,0xFF,0xFF,0x00,20,0x00,20
235,16677,1883,0xFF,0xFF,0x00,20,0x00,20
236,16678,1881,0xFF,0xFF,0x00,20,0x00,20
237,16679,1876,0xFF,0xFF,0x00,20,0x00,20
238,16680,1870,0xFF,0xFF,0x00,20,0x00,20
239,16681,1866,0xFF,0xFF,0x00,20,0x00,20
240,16682,1862,0xFF,0xFF,0x00,20,0x00,20
241,16683,1859,0xFF,0xFF,0x00,20,0x00,20
242,16684,1855,0xFF,0xFF,0x00,20,0x00,20
243,16685,1851,0xFF,0xFF,0x00,20,0x00,20
244,16686,1847,0xFF,0xFF,0x00,20,0x00,20
245,16687,1844,0xFF,0xFF,0x00,20,0x00,20
246,16688,1839,0xFF,0xFF,0x00,20,0x00,20
247,16689,1836,0xFF,0xFF,0x00,20,0x00,20
248,16690,1833,0xFF,0xFF,0x00,20,0x00,20
249,16691,1829,0xFF,0xFF,0x00,20,0x00,20
250,16692,1825,0xFF,0xFF,0x00,20,0x00,20
251,16693,1818,0xFF,0xFF,0x00,20,0x00,20
252,16694,1812,0xFF,0xFF,0x00,20,0x00,20
253,16695,1806,0xFF,0xFF,0x00,20,0x00,20
254,16696,1799,0xFF,0xFF,0x00,20,0x00,20
255,16697,1793,0xFF,0xFF,0x00,20,0x00,20
256,16698,1788,0xFF,0xFF,0x00,20,0x00,20
257,16699,1782,0xFF,0xFF,0x00,20,0x00,20
258,16700,1776,0xFF,0xFF,0x00,20,0x00,20
259,16701,1768,0xFF,0xFF,0x00,20,0x00,20
260,16702,1760,0xFF,0xFF,0x00,20,0x00,20
261,16703,1753,0xFF,0xFF,0x00,20,0x00,20
262,16704,1743,0xFF,0xFF,0x00,20,0x00,20
263,16705,1735,0xFF,0xFF,0x00,20,0x00,20
264,16706,1726,0xFF,0xFF,0x00,20,0x00,20
265,16707,1716,0xFF,0xFF,0x00,20,0x00,20
266,16708,1705,0xFF,0xFF,0x00,20,0x00,20
267,16709,1693,0xFF,0xFF,0x00,20,0x00,20
268,16710,1681,0xFF,0xFF,0x00,20,0x00,20
269,16711,1670,0xFF,0xFF,0x00,20,0x00,20
270,16712,1660,0xFF,0xFF,0x00,20,0x00,20
271,16713,1650,0xFF,0xFF,0x00,20,0x00,20
272,16714,1639,0xFF,0xFF,0x00,20,0x00,20
273,16715,1629,0xFF,0xFF,0x00,20,0x00,20
274,16716,1618,0xFF,0xFF,0x00,20,0x00,20
275,16717,1608,0xFF,0xFF,0x00,20,0x00,20
276,16718,1597,0xFF,0xFF,0x00,20,0x00,20
277,16719,1588,0xFF,0xFF,0x00,20,0x00,20
278,16720,1578,0xFF,0xFF,0x00,20,0x00,20
279,16721,1567,0xFF,0xFF,0x00,20,0x00,20
280,16722,1556,0xFF,0xFF,0x00,20,0x00,20
281,16723,1546,0xFF,0xFF,0x00,20,0x00,20
282,16724,1534,0xFF,0xFF,0x00,20,0x00,20
283,16725,1523,0xFF,0xFF,0x00,20,0x00,20
284,16726,1512,0xFF,0xFF,0x00,20,0x00,20
285,16727,1502,0xFF,0xFF,0x00,20,0x00,20
286,16728,1491,0xFF,0xFF,0x00,20,0x00,20
287,16729,1481,0xFF,0xFF,0x00,20,0x00,20
288,16730,1470,0xFF,0xFF,0x00,20,0x00,20
289,16731,1459,0xFF,0xFF,0x00,20,0x00,20
290,16732,1448,0xFF,0xFF,0x00,20,0x00,20
291,16733,1437,0xFF,0xFF,0x00,20,0x00,20
292,16734,1426,0xFF,0xFF,0x00,20,0x00,20
293,16735,1415,0xFF,0xFF,0x00,20,0x00,20
294,16736,1405,0xFF,0xFF,0x00,20,0x00,20
295,16737,1395,0xFF,0xFF,0x00,20,0x00,20
296,16738,1384,0xFF,0xFF,0x00,20,0x00,20
297,16739,1374,0xFF,0xFF,0x00,20,0x00,20
298,16740,1363,0xFF,0xFF,0x00,20,0x00,20
299,16741,1353,0xFF,0xFF,0x00,20,0x00,20
300,16742,1342,0xFF,0xFF,0x00,20,0x00,20
301,16743,1332,0xFF,0xFF,0x00,20,0x00,20
302,16744,1322,0xFF,0xFF,0x00,20,0x00,20
303,16745,1310,0xFF,0xFF,0x00,20,0x00,20
304,16746,1301,0xFF,0xFF,0x00,20,0x00,20
305,16747,1293,0xFF,0xFF,0x00,20,0x00,20
306,16748,1287,0xFF,0xFF,0x00,20,0x00,20
307,16749,1280,0xFF,0xFF,0x00,20,0x00,20
308,16750,1271,0xFF,0xFF,0x00,20,0x00,20
309,16751,1262,0xFF,0xFF,0x00,20,0x00,20
310,16752,1254,0xFF,0xFF,0x00,20,0x00,20
311,16753,1246,0xFF,0xFF,0x00,20,0x00,20
312,16754,1238,0xFF,0xFF,0x00,20,0x00,20
313,16755,1231,0xFF,0xFF,0x00,20,0x00,20
314,16756,1223,0xFF,0xFF,0x00,20,0x00,20
315,16757,1215,0xFF,0xFF,0x00,20,0x00,20
316,16758,1207,0xFF,0xFF,0x00,20,0x00,20
317,16759,1198,0xFF,0xFF,0x00,20,0x00,20
318,16760,1190,0xFF,0xFF,0x00,20,0x00,20
319,16761,1181,0xFF,0xFF,0x00,20,0x00,20
320,16762,1173,0xFF,0xFF,0x00,20,0x00,20
321,16763,1166,0xFF,0xFF,0x00,20,0x00,20
322,16764,1157,0xFF,0xFF,0x00,20,0x00,20
323,16765,1148,0xFF,0xFF,0x00,20,0x00,20
324,16766,1139,0xFF,0xFF,0x00,20,0x00,20
325,16767,1130,0xFF,0xFF,0x00,20,0x00,20
326,16768,1121,0xFF,0xFF,0x00,20,0x00,20
327,16769,1113,0xFF,0xFF,0x00,20,0x00,20
328,16770,1104,0xFF,0xFF,0x00,20,0x00,20
329,16771,1096,0xFF,0xFF,0x00,20,0x00,20
330,16772,1087,0xFF,0xFF,0x00,20,0x00,20
331,16773,1079,0xFF,0xFF,0x00,20,0x00,20
332,16774,1070,0xFF,0xFF,0x00,20,0x00,20
333,16775,1061,0xFF,0xFF,0x00,20,0x00,20
334,16776,1053,0xFF,0xFF,0x00,20,0x00,20
335,16777,1044,0xFF,0xFF,0x00,20,0x00,20
336,16778,1038,0xFF,0xFF,0x00,20,0x00,20
337,16779,1033,0xFF,0xFF,0x00,20,0x00,20
338,16780,1028,0xFF,0xFF,0x00,20,0x00,20
339,16781,1024,0xFF,0xFF,0x00,20,0x00,20
340,16782,1019,0xFF,0xFF,0x00,20,0x00,20
341,16783,1015,0xFF,0xFF,0x00,20,0x00,20
342,16784,1010,0xFF,0xFF,0x00,20,0x00,20
343,16785,1005,0xFF,0xFF,0x00,20,0x00,20
344,16786,1001,0xFF,0xFF,0x00,20,0x00,20
345,16787,996,0xFF,0xFF,0x00,20,0x00,20
346,16788,992,0xFF,0xFF,0x00,20,0x00,20
347,16789,988,0xFF,0xFF,0x00,20,0x00,20
348,16790,982,0xFF,0xFF,0x00,20,0x00,20
349,16791,977,0xFF,0xFF,0x00,20,0x00,20
350,16792,972,0xFF,0xFF,0x00,20,0x00,20
351,16793,966,0xFF,0xFF,0x00,20,0x00,20
352,16794,961,0xFF,0xFF,0x00,20,0x00,20
353,16795,956,0xFF,0xFF,0x00,20,0x00,20
354,16796,951,0xFF,0xFF,0x00,20,0x00,20
355,16797,947,0xFF,0xFF,0x00,20,0x00,20
356,16798,942,0xFF,0xFF,0x00,20,0x00,20
357,16799,938,0xFF,0xFF,0x00,20,0x00,20
358,16800,933,0xFF,0xFF,0x00,20,0x00,20
359,16801,928,0xFF,0xFF,0x00,20,0x00,20
360,16802,922,0xFF,0xFF,0x00,20,0x00,20
361,16803,918,0xFF,0xFF,0x00,20,0x00,20
362,16804,912,0xFF,0xFF,0x00,20,0x00,20
363,16805,907,0xFF,0xFF,0x00,20,0x00,20
364,16806,901,0xFF,0xFF,0x00,20,0x00,20
365,16807,896,0xFF,0xFF,0x00,20,0x00,20
366,16808,892,0xFF,0xFF,0x00,20,0x00,20
367,16809,887,0xFF,0xFF,0x00,20,0x00,20
368,16810,882,0xFF,0xFF,0x00,20,0x00,20
369,16811,877,0xFF,0xFF,0x00,20,0x00,20
370,16812,871,0xFF,0xFF,0x00,20,0x00,20
371,16813,866,0xFF,0xFF,0x00,20,0x00,20
372,16814,861,0xFF,0xFF,0x00,20,0x00,20
373,16815,856,0xFF,0xFF,0x00,20,0x00,20
374,16816,851,0xFF,0xFF,0x00,20,0x00,20
375,16817,845,0xFF,0xFF,0x00,20,0x00,20
376,16818,840,0xFF,0xFF,0x00,20,0x00,20
377,16819,835,0xFF,0xFF,0x00,20,0x00,20
378,16820,831,0xFF,0xFF,0x00,20,0x00,20
379,16821,826,0xFF,0xFF,0x00,20,0x00,20
380,16822,823,0xFF,0xFF,0x00,20,0x00,20
381,16823,819,0xFF,0xFF,0x00,20,0x00,20
382,16824,815,0xFF,0xFF,0x00,20,0x00,20
383,16825,809,0xFF,0xFF,0x00,20,0x00,20
384,16826,804,0xFF,0xFF,0x00,20,0x00,20
385,16827,800,0xFF,0xFF,0x00,20,0x00,20
386,16828,796,0xFF,0xFF,0x00,20,0x00,20
387,16829,792,0xFF,0xFF,0x00,20,0x00,20
388,16830,788,0xFF,0xFF,0x00,20,0x00,20
389,16831,784,0xFF,0xFF,0x00,20,0x00,20
390,16832,780,0xFF,0xFF,0x00,20,0x00,20
391,16833,775,0xFF,0xFF,0x00,20,0x00,20
392,16834,770,0xFF,0xFF,0x00,20,0x00,20
393,16835,765,0xFF,0xFF,0x00,20,0x00,20
394,16836,760,0xFF,0xFF,0x00,20,0x00,20
395,16837,755,0xFF,0xFF,0x00,20,0x00,20
396,16838,750,0xFF,0xFF,0x00,20,0x00,20
397,16839,745,0xFF,0xFF,0x00,20,0x00,20
398,16840,740,0xFF,0xFF,0x00,20,0x00,20
399,16841,734,0xFF,0xFF,0x00,20,0x00,20
400,16842,727,0xFF,0xFF,0x00,20,0x00,20
401,16843,720,0xFF,0xFF,0x00,20,0x00,20
402,16844,713,0xFF,0xFF,0x00,20,0x00,20
403,16845,706,0xFF,0xFF,0x00,20,0x00,20
404,16846,699,0xFF,0xFF,0x00,20,0x00,20
405,16847,691,0xFF,0xFF,0x00,20,0x00,20
406,16848,682,0xFF,0xFF,0x00,20,0x00,20
407,16849,673,0xFF,0xFF,0x00,20,0x00,20
408,16850,664,0xFF,0xFF,0x00,20,0x00,20
409,16851,656,0xFF,0xFF,0x00,20,0x00,20
410,16852,648,0xFF,0xFF,0x00,20,0x00,20
411,16853,639,0xFF,0xFF,0x00,20,0x00,20
412,16854,631,0xFF,0xFF,0x00,20,0x00,20
413,16855,622,0xFF,0xFF,0x00,20,0x00,20
414,16856,614,0xFF,0xFF,0x00,20,0x00,20
415,16857,606,0xFF,0xFF,0x00,20,0x00,20
416,16858,597,0xFF,0xFF,0x00,20,0x00,20
417,16859,589,0xFF,0xFF,0x00,20,0x00,20
418,16860,582,0xFF,0xFF,0x00,20,0x00,20
419,16861,576,0xFF,0xFF,0x00,20,0x00,20
420,16862,569,0xFF,0xFF,0x00,20,0x00,20
421,16863,564,0xFF,0xFF,0x00,20,0x00,20
422,16864,558,0xFF,0xFF,0x00,20,0x00,20
423,16865,552,0xFF,0xFF,0x00,20,0x00,20
424,16866,547,0xFF,0xFF,0x00,20,0x00,20
425,16867,542,0xFF,0xFF,0x00,20,0x00,20
426,16868,537,0xFF,0xFF,0x00,20,0x00,20
427,16869,532,0xFF,0xFF,0x00,20,0x00,20
428,16870,528,0xFF,0xFF,0x00,20,0x00,20
429,16871,523,0xFF,0xFF,0x00,20,0x00,20
430,16872,518,0xFF,0xFF,0x00,20,0x00,20
431,16873,514,0xFF,0xFF,0x00,20,0x00,20
432,16874,509,0xFF,0xFF,0x00,20,0x00,20
433,16875,505,0xFF,0xFF,0x00,20,0x00,20
434,16876,500,0xFF,0xFF,0x00,20,0x00,20
435,16877,495,0xFF,0xFF,0x00,20,0x00,20
436,16878,490,0xFF,0xFF,0x00,20,0x00,20
437,16879,484,0xFF,0xFF,0x00,20,0x00,20
438,16880,480,0xFF,0xFF,0x00,20,0x00,20
439,16881,475,0xFF,0xFF,0x00,20,0x00,20
440,16882,470,0xFF,0xFF,0x00,20,0x00,20
441,16883,466,0xFF,0xFF,0x00,20,0x00,20
442,16884,461,0xFF,0xFF,0x00,20,0x00,20
443,16885,456,0xFF,0xFF,0x00,20,0x00,20
444,16886,452,0xFF,0xFF,0x00,20,0x00,20
445,16887,447,0xFF,0xFF,0x00,20,0x00,20
446,16888,442,0xFF,0xFF,0x00,20,0x00,20
447,16889,437,0xFF,0xFF,0x00,20,0x00,20
448,16890,432,0xFF,0xFF,0x00,20,0x00,20
449,16891,427,0xFF,0xFF,0x00,20,0x00,20
450,16892,423,0xFF,0xFF,0x00,20,0x00,20
451,16893,417,0xFF,0xFF,0x00,20,0x00,20
452,16894,412,0xFF,0xFF,0x00,20,0x00,20
453,16895,407,0xFF,0xFF,0x00,20,0x00,20
454,16896,403,0xFF,0xFF,0x00,20,0x00,20
455,16897,398,0xFF,0xFF,0x00,20,0x00,20
456,16898,393,0xFF,0xFF,0x00,20,0x00,20
457,16899,388,0xFF,0xFF,0x00,20,0x00,20
458,16900,384,0xFF,0xFF,0x00,20,0x00,20
459,16901,379,0xFF,0xFF,0x00,20,0x00,20
460,16902,374,0xFF,0xFF,0x00,20,0x00,20
461,16903,370,0xFF,0xFF,0x00,20,0x00,20
462,16904,365,0xFF,0xFF,0x00,20,0x00,20
463,16905,360,0xFF,0xFF,0x00,20,0x00,20
464,16906,355,0xFF,0xFF,0x00,20,0x00,20
465,16907,351,0xFF,0xFF,0x00,20,0x00,20
466,16908,346,0xFF,0xFF,0x00,20,0x00,20
467,16909,341,0xFF,0xFF,0x00,20,0x00,20
468,16910,336,0xFF,0xFF,0x00,20,0x00,20
469,16911,331,0xFF,0xFF,0x00,20,0x00,20
470,16912,327,0xFF,0xFF,0x00,20,0x00,20
471,16913,322,0xFF,0xFF,0x00,20,0x00,20
472,16914,317,0xFF,0xFF,0x00,20,0x00,20
473,16915,313,0xFF,0xFF,0x00,20,0x00,20
474,16916,308,0xFF,0xFF,0x00,20,0x00,20
475,16917,303,0xFF,0xFF,0x00,20,0x00,20
476,16918,299,0xFF,0xFF,0x00,20,0x00,20
477,16919,294,0xFF,0xFF,0x00,20,0x00,20
478,16920,290,0xFF,0xFF,0x00,20,0x00,20
479,16921,285,0xFF,0xFF,0x00,20,0x00,20
480,16922,280,0xFF,0xFF,0x00,20,0x00,20
481,16923,276,0xFF,0xFF,0x00,20,0x00,20
482,16924,271,0xFF,0xFF,0x00,20,0x00,20
483,16925,267,0xFF,0xFF,0x00,20,0x00,20
484,16926,263,0xFF,0xFF,0x00,20,0x00,20
485,16927,258,0xFF,0xFF,0x00,20,0x00,20
486,16928,254,0xFF,0xFF,0x00,20,0x00,20
487,16929,249,0xFF,0xFF,0x00,20,0x00,20
488,16930,245,0xFF,0xFF,0x00,20,0x00,20
489,16931,240,0xFF,0xFF,0x00,20,0x00,20
490,16932,236,0xFF,0xFF,0x00,20,0x00,20
491,16933,232,0xFF,0xFF,0x00,20,0x00,20
492,16934,228,0xFF,0xFF,0x00,20,0x00,20
493,16935,223,0xFF,0xFF,0x00,20,0x00,20
494,16936,219,0xFF,0xFF,0x00,20,0x00,20
495,16937,215,0xFF,0xFF,0x00,20,0x00,20
496,16938,211,0xFF,0xFF,0x00,20,0x00,20
497,16939,207,0xFF,0xFF,0x00,20,0x00,20
498,16940,202,0xFF,0xFF,0x00,20,0x00,20
499,16941,199,0xFF,0xFF,0x00,20,0x00,20
500,16942,194,0xFF,0xFF,0x00,20,0x00,20
501,16943,190,0xFF,0xFF,0x00,20,0x00,20
502,16944,186,0xFF,0xFF,0x00,20,0x00,20
503,16945,182,0xFF,0xFF,0x00,20,0x00,20
504,16946,179,0xFF,0xFF,0x00,20,0x00,20
505,16947,175,0xFF,0xFF,0x00,20,0x00,20
506,16948,171,0xFF,0xFF,0x00,20,0x00,20
507,16949,167,0xFF,0xFF,0x00,20,0x00,20
508,16950,163,0xFF,0xFF,0x00,20,0x00,20
509,16951,159,0xFF,0xFF,0x00,20,0x00,20
510,16952,156,0xFF,0xFF,0x00,20,0x00,20
511,16953,152,0xFF,0xFF,0x00,20,0x00,20
512,16954,149,0xFF,0xFF,0x00,20,0x00,20
513,16955,145,0xFF,0xFF,0x00,20,0x00,20
514,16956,142,0xFF,0xFF,0x00,20,0x00,20
515,16957,138,0xFF,0xFF,0x00,20,0x00,20
516,16958,135,0xFF,0xFF,0x00,20,0x00,20
517,16959,132,0xFF,0xFF,0x00,20,0x00,20
518,16960,129,0xFF,0xFF,0x00,20,0x00,20
519,16961,125,0xFF,0xFF,0x00,20,0x00,20
520,16962,122,0xFF,0xFF,0x00,20,0x00,20
521,16963,119,0xFF,0xFF,0x00,20,0x00,20
522,16964,116,0xFF,0xFF,0x00,20,0x00,20
523,16965,113,0xFF,0xFF,0x00,20,0x00,20
524,16966,110,0xFF,0xFF,0x00,20,0x00,20
525,16967,107,0xFF,0xFF,0x00,20,0x00,20
526,16968,105,0xFF,0xFF,0x00,20,0x00,20
527,16969,102,0xFF,0xFF,0x00,20,0x00,20
528,16970,99,0xFF,0xFF,0x00,20,0x00,20
529,16971,97,0xFF,0xFF,0x00,20,0x00,20
530,16972,94,0xFF,0xFF,0x00,20,0x00,20
531,16973,91,0xFF,0xFF,0x00,20,0x00,20
532,16974,89,0xFF,0xFF,0x00,20,0x00,20
533,16975,87,0xFF,0xFF,0x00,20,0x00,20
534,16976,84,0xFF,0xFF,0x00,20,0x00,20
535,16977,82,0xFF,0xFF,0x00,20,0x00,20
536,16978,80,0xFF,0xFF,0x00,20,0x00,20
537,16979,78,0xFF,0xFF,0x00,20,0x00,20
538,16980,76,0xFF,0xFF,0x00,20,0x00,20
539,16981,74,0xFF,0xFF,0x00,20,0x00,20
540,16982,72,0xFF,0xFF,0x00,20,0x00,20
541,16983,70,0xFF,0xFF,0x00,20,0x00,20
542,16984,68,0xFF,0xFF,0x00,20,0x00,20
543,16985,66,0xFF,0xFF,0x00,20,0x00,20
544,16986,65,0xFF,0xFF,0x00,20,0x00,20
545,16987,64,0xFF,0xFF,0x00,20,0x00,20
546,16988,62,0xFF,0xFF,0x00,20,0x00,20
547,16989,61,0xFF,0xFF,0x00,20,0x00,20
548,16990,59,0xFF,0xFF,0x00,20,0x00,20
549,16991,59,0xFF,0xFF,0x00,20,0x00,20
550,16992,57,0xFF,0xFF,0x00,20,0x00,20
551,16993,54,0xFF,0xFF,0x00,20,0x00,20
552,16994,47,0xFF,0xFF,0x00,20,0x00,20
553,16995,47,0xFF,0xFF,0x00,20,0x00,20
554,16996,47,0xFF,0xFF,0x00,20,0x00,20
555,16997,36,0xFF,0xFF,0x00,20,0x00,20
556,16998,34,0xFF,0xFF,0x00,20,0x00,20
557,16999,34,0xFF,0xFF,0x00,20,0x00,20
558,17000,34,0xFF,0xFF,0x00,20,0x00,20
559,17001,28,0xFF,0xFF,0x00,20,0x00,20
560,17002,28,0xFF,0xFF,0x00,20,0x00,20
561,17003,28,0xFF,0xFF,0x00,20,0x00,20
562,17004,28,0xFF,0xFF,0x00,20,0x00,20
563,17005,28,0xFF,0xFF,0x00,20,0x00,20
564,17006,28,0xFF,0xFF,0x00,20,0x00,20
565,17007,28,0xFF,0xFF,0x00,20,0x00,20
566,17008,18,0xFF,0xFF,0x00,20,0x00,20
567,17009,18,0xFF,0xFF,0x00,20,0x00,20
568,17010,18,0xFF,0xFF,0x00,20,0x00,20
569,17011,18,0xFF,0xFF,0x00,20,0x00,20
570,17012,18,0xFF,0xFF,0x00,20,0x00,20
571,17013,18,0xFF,0xFF,0x00,20,0x00,20
572,17014,18,0xFF,0xFF,0x00,20,0x00,20
573,17015,18,0xFF,0xFF,0x00,20,0x00,20
574,17016,18,0xFF,0xFF,0x00,20,0x00,20
575,17017,18,0xFF,0xFF,0x00,20,0x00,20
576,17018,18,0xFF,0xFF,0x00,20,0x00,20
577,17019,11,0xFF,0xFF,0x00,20,0x00,20
578,17020,11,0xFF,0xFF,0x00,20,0x00,20
579,17021,18,0xFF,0xFF,0x00,20,0x00,20
580,17022,18,0xFF,0xFF,0x00,20,0x00,19
581,17023,24,0xFF,0xFF,0x00,20,0x00,19
582,17024,24,0xFF,0xFF,0x00,20,0x00,18
583,17025,29,0xFF,0xFF,0x00,20,0x00,18
584,17026,34,0xFF,0xFF,0x00,20,0x00,17
585,17027,34,0xFF,0xFF,0x00,20,0x00,16
586,17028,39,0xFF,0xFF,0x00,20,0x00,15
587,17029,43,0xFF,0xFF,0x00,20,0x00,14
588,17030,47,0xFF,0xFF,0x00,20,0x00,13
589,17031,52,0xFF,0xFF,0x00,20,0x00,12
590,17032,55,0xFF,0xFF,0x00,20,0x00,11
591,17033,56,0xFF,0xFF,0x00,20,0x00,10
592,17034,62,0xFF,0xFF,0x00,20,0x00,9
593,17035,65,0xFF,0xFF,0x00,20,0x00,8
594,17036,67,0xFF,0xFF,0x00,20,0x00,7
595,17037,70,0xFF,0xFF,0x00,20,0x00,5
596,17038,72,0xFF,0xFF,0x00,20,0x00,4
597,17039,74,0xFF,0xFF,0x00,20,0x00,3
598,17040,79,0xFF,0xFF,0x00,20,0x00,1
599,17041,83,0xFF,0xFF,0x00,20,0x00,0
600,17042,83,0xFF,0xFF,0x00,20,0xFF,2
601,17043,89,0xFF,0xFF,0x00,20,0xFF,4
602,17044,93,0xFF,0xFF,0x00,20,0xFF,5
603,17045,93,0xFF,0xFF,0x00,20,0xFF,7
604,17046,97,0xFF,0xFF,0x00,20,0xFF,9
605,17047,102,0xFF,0xFF,0x00,20,0xFF,11
606,17048,106,0xFF,0xFF,0x00,20,0xFF,12
